url,title,snippet,query,first_seen
https://www.linkedin.com/company/gbtec-group/,"GBTEC Group - The leading AI-powered platform to design, run, and continuously improve the enterprise","wie BIC Enterprise Risk dein Risikomanagement auf ein neues Level hebt:  #IntegriertesRisikomanagement #RiskManagement #EnterpriseRisk #GRC #Compliance [Likes: 9, Comments: 0]; GBTEC Group (1w): Alle reden von Trends. Wir wenden sie an. Genau darum geht es in der BPM 2026 Lab: Trends in der Praxis -",GBTEC BPM BIC Platform news,2026-04-16
https://www.linkedin.com/company/gbtec-group/mycompany/,"GBTEC Group - The leading AI-powered platform to design, run, and continuously improve the enterprise","wie BIC Enterprise Risk dein Risikomanagement auf ein neues Level hebt:  #IntegriertesRisikomanagement #RiskManagement #EnterpriseRisk #GRC #Compliance [Likes: 9, Comments: 0]; GBTEC Group (1w): Alle reden von Trends. Wir wenden sie an. Genau darum geht es in der BPM 2026 Lab: Trends in der Praxis -",GBTEC BPM BIC Platform news,2026-04-16
https://au.linkedin.com/company/gbtec-group,"GBTEC Group - The leading AI-powered platform to design, run, and continuously improve the enterprise","wie BIC Enterprise Risk dein Risikomanagement auf ein neues Level hebt:  #IntegriertesRisikomanagement #RiskManagement #EnterpriseRisk #GRC #Compliance [Likes: 9, Comments: 0]; GBTEC Group (1w): Alle reden von Trends. Wir wenden sie an. Genau darum geht es in der BPM 2026 Lab: Trends in der Praxis -",GBTEC BPM BIC Platform news,2026-04-16
https://cf.linkedin.com/company/gbtec-group?trk=products_seo_search,"GBTEC Group - The leading AI-powered platform to design, run, and continuously improve the enterprise","wie BIC Enterprise Risk dein Risikomanagement auf ein neues Level hebt:  #IntegriertesRisikomanagement #RiskManagement #EnterpriseRisk #GRC #Compliance [Likes: 9, Comments: 0]; GBTEC Group (1w): Alle reden von Trends. Wir wenden sie an. Genau darum geht es in der BPM 2026 Lab: Trends in der Praxis -",GBTEC BPM BIC Platform news,2026-04-16
https://www.linkedin.com/posts/chiragrawat_ebs2025-empoweringbeyond-inspirationapplied-activity-7325636492372889600-cq4g,GBS as a Strategic Enabler: Driving Growth and Efficiencies | Chirag Rawat posted on the topic | LinkedIn,"🔥Transformation isn’t theory - it’s lived experience. That’s why we’re thrilled to welcome GBTEC as an Event Partner at OPEX Week: Business Transformation Summit ANZ 2025, along with Jason Gonce, VP of Sales, GBTEC Group. In “The Pulse of Resilience: A BPM Transformation Story from the Heart of Aged",GBTEC BPM BIC Platform news,2026-04-16
https://no.linkedin.com/company/gbtec-group?trk=public_profile_experience-item_profile-section-card_image-click,GBTEC Group | LinkedIn,"wie BIC Enterprise Risk dein Risikomanagement auf ein neues Level hebt:  #IntegriertesRisikomanagement #RiskManagement #EnterpriseRisk #GRC #Compliance [Likes: 9, Comments: 0]; GBTEC Group (1w): Alle reden von Trends. Wir wenden sie an. Genau darum geht es in der BPM 2026 Lab: Trends in der Praxis -",GBTEC GRC Process Mining update,2026-04-16
https://nl.linkedin.com/company/gbtec-group?trk=public_profile_experience-item_profile-section-card_subtitle-click,GBTEC Group | LinkedIn,"wie BIC Enterprise Risk dein Risikomanagement auf ein neues Level hebt:  #IntegriertesRisikomanagement #RiskManagement #EnterpriseRisk #GRC #Compliance [Likes: 9, Comments: 0]; GBTEC Group (1w): Alle reden von Trends. Wir wenden sie an. Genau darum geht es in der BPM 2026 Lab: Trends in der Praxis -",GBTEC GRC Process Mining update,2026-04-16
https://www.linkedin.com/pulse/change-s4hana-bit-overwhelming-times-gbtec-group,The change to S/4HANA - a bit overwhelming at times,"In many of these projects we are confronted with new tasks, new responsibilities, new knowledge, and new skills and like this, the limit of the „newly manageable“ is quickly reached.  This makes it even more important that BPM is seen not as an obstacle but as a big plus and an ultimate enabler of s",GBTEC BPM site:linkedin.com/pulse,2026-04-16
https://www.linkedin.com/pulse/achieving-process-excellence-gbtec-academy-mastering-bpmn-staee,Achieving Process Excellence with GBTEC Academy: Mastering BPMN 2.0,"Welcome to the June edition of our LinkedIn Newsletter! This month, we dive into the transformative world of business process mapping with BPMN 2.0, guided by the supreme expertise of our professionals at GBTEC Academy.  Discover how mastering this powerful standard can streamline operations, enhanc",GBTEC BPM site:linkedin.com/pulse,2026-04-16
https://www.linkedin.com/pulse/gbtec-named-challenger-2025-gartner-magic-quadrant-enterprise-mkf8e,GBTEC Named a Challenger in the 2025 Gartner® Magic Quadrant™ for Enterprise Architecture Tools,"In short, the Gartner® Magic Quadrant™ empowers decision-makers to make evidence-based, future-ready choices in an increasingly dynamic technology landscape.  Article content  ## GBTEC’s Rapid Rise: Our First Appearance as a Challenger  Being recognized as a Challenger in the Magic Quadrant undersco",GBTEC BPM site:linkedin.com/pulse,2026-04-16
https://www.linkedin.com/pulse/from-ai-digital-twins-top-5-bpm-trends-shaping-2026-gbtec-group-m3dqe,From AI to Digital Twins: The Top 5 BPM Trends Shaping 2026,"### Want a deeper dive?  Read the full blog post on the top 5 BPM trends for 2026 and see concrete examples and more detail on how GBTEC’s AI-powered BIC Platform helps you bring process design, execution, enterprise architecture, and compliance under one roof, allowing you to realize your digital t",GBTEC BPM site:linkedin.com/pulse,2026-04-16
https://www.linkedin.com/pulse/gbtec-named-leader-spark-matrix-q4-2025-what-means-modern-jypfe,GBTEC Named a Leader in the SPARK Matrix™ Q4 2025: What It Means for Modern Application Portfolio Management,"“GBTEC delivers an integrated, enterprise-grade APM solution on the same platform as its process and governance capabilities, giving organizations a single, consistent environment to manage applications, capture relationships, and govern lifecycle changes. Its role-based workspaces and upgrade-safe ",GBTEC BPM site:linkedin.com/pulse,2026-04-16
https://www.linkedin.com/posts/george-ejeh_review-of-gbtec-group-bic-process-mapping-activity-7238857252479078400-hGWh,"Review of GBTEC Group (BIC) Process Mapping Tool – 4-Month Experience

After using GBTEC’s BIC process mapping tool for the past four months, I’m pleased to share my experience with anyone looking… | ","One of the standout features has been the modelling and automation capabilities, which enable seamless process optimization. The process transparency BIC provides helped identify bottlenecks and improve efficiency across departments, ultimately driving operational excellence. While BIC offers plenty",BIC Process Design GBTEC,2026-04-16
https://www.linkedin.com/posts/arab-business-intelligence_execution-bicprocessexecution-digitaltransformation-activity-7381307228324118528-0O91,#execution #bic_process_execution #digital_transformation #execution #bic_process_execution #automating #monitoring #optimizing #bic_ecosystem #revolutionary #design_to_action #executable_workflows… |,"🚀 Transform Process Design into Real #Execution — Seamlessly with #BIC\_Process\_Execution by GBTEC Group At Arab Business Intelligence, we believe that #digital\_transformation starts not with documentation — but with #execution. With #BIC\_Process\_Execution, organizations can now bring their mode",BIC Process Design GBTEC,2026-04-16
https://www.linkedin.com/posts/arab-business-intelligence_transforming-manufacturing-with-bic-process-activity-7190335635625254912-6uGw,Transforming Manufacturing with BIC Process Design by GBTEC and Arab Business Intelligence | Arab Business Intelligence,"Agree & Join LinkedIn  By clicking Continue to join or sign in, you agree to LinkedIn’s User Agreement, Privacy Policy, and Cookie Policy.  # Arab Business Intelligence’s Post  View organization page for Arab Business Intelligence  2,942 followers  Discover how BIC Process Design by GBTEC Group, imp",BIC Process Design GBTEC,2026-04-16
https://www.linkedin.com/posts/marc-stromberg-26b70b51_bic-process-design-the-next-software-revolution-activity-7101106107753877506-RYq8,BIC Process Design: the next software revolution in modeling processes | Marc Stromberg,"🌐 4DATA & BIC Platform on Alibaba Cloud: Leading Digital Transformation in Saudi Arabia 🚀   In today's digital age, transformation extends beyond mere tools. It’s a combination of strategy, guidance, and shrewd execution.  As an infrastructure and business automation pioneer, 4DATA is not just an in",BIC Process Design GBTEC,2026-04-16
https://www.linkedin.com/products/gbtec-software-ag-bic-process-design/,BIC Process Design | LinkedIn,BIC Process Design  # BIC Process Design  ## Business Process Management Software by GBTEC Group  ### See who's skilled in this  See who's skilled in this  ## About [...] See who's skilled in this  ## About  BIC Process Design is our AI-powered business process management solution that transforms fr,BIC Process Design GBTEC,2026-04-16
https://www.linkedin.com/posts/marc-stromberg-26b70b51_eam-operationalexcellence-digitaltransformation-activity-7308456294124781569-NMlY,Marc Stromberg's Post - LinkedIn,2mo      Report this post  BIC EAM delivers a future-ready and pragmatic approach to Enterprise Architecture Management - one that combines robust functionality with outstanding usability and a strong focus on user-centric design. 🎯 A key differentiator of BIC EAM lies in its ease of use. We strongl,BIC EAM Enterprise Architecture Management,2026-04-16
https://www.linkedin.com/posts/gbtec-group_enterprisearchitecturemanagement-digitaltransformation-activity-7431724984638742529-s1zJ,#enterprisearchitecturemanagement #digitaltransformation #operationalexcellence #ea | GBTEC Group,"12,722 followers  📢Architecture chaos ends here! At GBTEC Group, we believe downtime, inefficiencies and siloed data shouldn’t be accepted as business as usual. That’s why we developed BIC EAM, our powerful yet easy-to-use Enterprise Architecture solution. Designed to help organisations optimise per",BIC EAM Enterprise Architecture Management,2026-04-16
https://www.linkedin.com/posts/gregor-greinke_most-companies-need-years-to-reach-the-magic-activity-7384823010110820353-4RdK,Most companies need years to reach the Magic Quadrant. We did it on our first try. Not as a “mention.” As a Challenger. Gartner® just released the 2025 Magic Quadrant™ for Enterprise Architecture… | G,"Most companies need years to reach the Magic Quadrant. We did it on our first try. Not as a “mention.” As a Challenger. Gartner® just released the 2025 Magic Quadrant™ for Enterprise Architecture Tools, and GBTEC Group showed up where almost no first-timers do: in the Challenger Quadrant. So how did",BIC EAM Enterprise Architecture Management,2026-04-16
https://www.linkedin.com/posts/gregor-greinke_again-and-again-i-hear-the-same-challenge-activity-7431952283032211456-Ai7n,"Again and again, I hear the same challenge from IT leaders:

“We don’t lack data. We lack clarity.”

This video captures why Enterprise Architecture must become a decision engine, reducing… | Gregor G","Gregor Greinke  2,729 followers  ## More from this author  ### Most utility transformation programs don’t fail because of technology. They fail because processes and architecture were never connected.  ### 2025 in Perspective: From Conversations to Connected Transformation  ### The 2026 BPM & EAM Sh",BIC EAM Enterprise Architecture Management,2026-04-16
https://www.linkedin.com/posts/gregor-greinke_most-apm-and-ea-tools-feel-like-they-were-activity-7403712452225314816-nTll,Gregor Greinke's Post - LinkedIn,"30  Like   Comment  To view or add a comment, sign in  2,591 followers   120 Posts  10 Articles  View Profile   Follow  ## More from this author   ### The 2026 BPM & EAM Shift: What Every Digital Leader Needs to Prepare for Now    Gregor Greinke   2w  ### GBTEC Named a Challenger in the 2025 Gartner",BIC EAM Enterprise Architecture Management,2026-04-16
https://www.linkedin.com/products/gbtec-software-ag-bic-process-execution/,BIC Process Execution | LinkedIn,"## About  BIC Process Execution is our AI-powered no-code automation solution built for speed and simplicity. It enables organizations to execute processes faster than ever – without programming effort or complex workflow projects.      By seamlessly connecting process design, automation, and leadin",BIC Process Executing workflow automation,2026-04-16
https://www.linkedin.com/posts/thinkowl_digitaltransformation-processautomation-activity-7376861152959557632-dGoV,#digitaltransformation #processautomation #bpmn #customerserviceworkflow | ThinkOwl,"🚀 Transform Process Design into Real #Execution — Seamlessly with #BIC\_Process\_Execution by GBTEC Group At Arab Business Intelligence, we believe that #digital\_transformation starts not with documentation — but with #execution. With #BIC\_Process\_Execution, organizations can now bring their mode",BIC Process Executing workflow automation,2026-04-16
https://www.linkedin.com/posts/gbtec-group_automated-processes-in-record-time-test-activity-7187616027344535552-nM0A,Automated processes in record time: test 30 days cost-free now | GBTEC Group,"View organization page for GBTEC Group  12,722 followers  ⏱Imagine streamlining your processes in half the time! Our product, 𝐁𝐈𝐂 𝐏𝐫𝐨𝐜𝐞𝐬𝐬 𝐄𝐱𝐞𝐜𝐮𝐭𝐢𝐨𝐧, empowers you to do just that. You can effortlessly integrate third-party systems using our 𝐩𝐥𝐮𝐠-𝐢𝐧 𝐟𝐫𝐚𝐦𝐞𝐰𝐨𝐫𝐤 and enhance your automation with 𝐑𝐏𝐀. Read",BIC Process Executing workflow automation,2026-04-16
https://www.linkedin.com/posts/andreakempter_bicprocessdesign-bicplatform-businessprocessmanagement-activity-7421141182530945024-7cWf,#bicprocessdesign #bicplatform #businessprocessmanagement #bpm #yasm #itil #iso20000 #fitsm #servicemanagement #bpm #businessprocessmanagement #bicprocessdesign #bicplatform | Andrea Kempter,"Business Process Management (BPM) is a systematic methodology designed to align an organization's business processes with its strategic goals. It treats workflows as essential assets that must be continuously improved to enhance efficiency, agility, and consistency. The BPM lifecycle generally revol",BIC Process Executing workflow automation,2026-04-16
https://www.linkedin.com/products/gbtec-software-ag-bic-grc/,BIC GRC | LinkedIn,"BIC GRC is our Governance, Risk & Compliance solution designed to turn regulatory complexity into confident control. It enables organizations to manage risk holistically, ensure compliance with clarity, and strengthen governance across the enterprise – all within one integrated platform.      Design",BIC GRC Governance Risk Compliance,2026-04-16
https://www.linkedin.com/posts/gbtec-group_grc-criticalinfrastructure-riskmanagement-activity-7417460594615746560-af8j,#grc #criticalinfrastructure #riskmanagement #compliance #bicgrc #successstory | GBTEC Group,"🔎 𝗗𝗘𝗪𝟮𝟭 × 𝗚𝗕𝗧𝗘𝗖 | Integrated GRC Management & Greater Efficiency with BIC GRC  As a local energy provider and part of Germany’s critical infrastructure, Dortmunder Energie- und Wasserversorgung GmbH (DEW21) must meet strict regulatory requirements. Previously, fragmented GRC structures and inconsist",BIC GRC Governance Risk Compliance,2026-04-16
https://www.linkedin.com/pulse/setting-new-standards-governance-compliance-solutions-gbtecs-kwibe,Setting new standards for governance & compliance solutions: GBTEC’s BIC GRC Platform Acknowledged by Gartner®,"What is more, GRC tools provide powerful reporting features that are key to ensuring transparency and trustworthiness. By offering valuable insights for both internal and external audits, GRC tools empower stakeholders and decision-makers to make smart, timely choices.  Article content  The GRC mark",BIC GRC Governance Risk Compliance,2026-04-16
https://www.linkedin.com/posts/bic-advisory-limited_bic-advisory-services-2026-training-calendar-activity-7426618370889777154-K-Q-,BIC Advisory Services 2026 Training Calendar | BIC Advisory Services Limited,"In the last week of January 2026, I began my Governance, Risk Management, and Compliance (GRC) journey at Inegben Academy. One month later, my perspective has completely changed. Before now, GRC sounded structured, professional, and important but abstract. I didn’t fully grasp how deeply interconnec",BIC GRC Governance Risk Compliance,2026-04-16
https://www.linkedin.com/posts/gbtec-group_grc-riskmanagement-compliance-activity-7429487282786820098-wXgi,#grc #riskmanagement #compliance #erm #bcm #lowcode #bicgrc #successstory | GBTEC Group,"🔎 Universal Investment × GBTEC | Agile GRC with BIC GRC  Universal Investment previously relied on spreadsheets to manage operational and compliance risks, which proved both time consuming and inflexible. The company aimed for a GRC platform that could be fully customized in-house and handle multipl",BIC GRC Governance Risk Compliance,2026-04-16
https://www.linkedin.com/posts/michael-hill-1a17b08b_process-mining-to-transform-business-operations-activity-7413966447766315008-tPVz,"Process Mining Market to Reach $97.88B by 2034, Driven by Digital Transformation | Michael Hill posted on the topic | LinkedIn","#Process #Mining is set to transform business operations with unprecedented growth through 2034, according to a new report from The Insight Partners. The process mining market, valued at $3.63 billion in 2025, is projected to reach $97.88 billion by 2034, expanding at a CAGR of 44.2 period during 20",Process Mining trends 2025 2026,2026-04-16
https://www.linkedin.com/posts/wvdaalst_10-process-excellence-trends-for-2026-activity-7387230889027727360-e23o,10 process excellence trends for 2026 | Wil van der Aalst,"10 Process Excellence Trends for 2026 by Michael Hill in PEX Network. The new PEX Network article collects predictions from various process experts. How will organizations define, achieve, and sustain process excellence in 2026? I think that existing themes such as #NoAIWithoutPI and #OCPM will keep",Process Mining trends 2025 2026,2026-04-16
https://www.linkedin.com/posts/karl-delos-santos_10-process-excellence-trends-for-2026-activity-7407003467480793088-ibZK,Process Excellence in 2026: People Over Tech | Karl Delos - Santos posted on the topic | LinkedIn,"PEX Network just released their 2026 forecast, and two developments stand out for organizations serious about process transformation ⬇️ 1️⃣ Process mining, management, and orchestration are converging. Organizations no longer want separate tools for discovering processes, modeling them, and executin",Process Mining trends 2025 2026,2026-04-16
https://www.linkedin.com/pulse/process-mining-software-market-demand-surge-3wogf,Process Mining Software Market Demand Surge Supported by Technological Advancements,📄 Request a Sample Copy  💰 Limited-Time Special Discount  ## Process Mining Software Market Size 2026  ## Introduction & Industry Landscape  The Process Mining Software Market has emerged as a pivotal component within the broader enterprise process management ecosystem. Leveraging advanced algorithm,Process Mining trends 2025 2026,2026-04-16
https://www.linkedin.com/pulse/spring-reset-mining-enters-new-era-process-precision-r6dke,Spring reset: Mining enters a new era of process precision,"### Malvern Panalytical  Dear Followers,  As a new season begins, mining teams are stepping into a landscape defined by tougher materials, tighter regulations and volatile markets. Ore grades are declining, mineralogy is becoming more variable, and market pressures are rising. To stay competitive in",Process Mining trends 2025 2026,2026-04-16
https://www.linkedin.com/pulse/business-process-management-trends-shape-2025-samaisolutions-vn0ec,Business Process Management Trends That Will Shape 2025,"What’s Changing?   AI-driven BPM reduces manual intervention, making operations faster and smarter.  AI-powered process mining identifies inefficiencies in real time.  Companies investing in AI-driven BPM are improving scalability and agility.  What Can Businesses Do?  BPM is no longer just about ma",Business Process Management BPM trends 2025 2026,2026-04-16
https://www.linkedin.com/pulse/business-process-management-bpm-software-market-size-2026-strategy-jg6ve/,"Business Process Management (BPM) Software Market Size 2026 | Strategy, Application & Trends 2033","The in-depth regional forecast of the Business Process Management (BPM) Software Market (2025–2030) highlights dynamic growth patterns across key geographies, driven by shifting consumer demand, technological advancements, and regulatory support. North America is expected to maintain steady growth d",Business Process Management BPM trends 2025 2026,2026-04-16
https://www.linkedin.com/pulse/future-connected-processes-7-bpm-grc-trends-shaping-2025-greinke-gaeuf,The Future of Connected Processes: 7 BPM & GRC Trends Shaping 2025,### Ready to prepare your business for 2025?  Explore our latest whitepaper: BPM & GRC Trends 2025 – Driving Intelligent Transformation for Future-Ready Businesses.  ➡️ Read the full whitepaper here.  ## What trends do you see shaping the future of BPM and GRC? Share your thoughts in the comments be,Business Process Management BPM trends 2025 2026,2026-04-16
https://www.linkedin.com/pulse/global-mobile-business-process-management-nelwf/,Global Mobile Business Process Management Bpm Market Trends Point to Long-Term Industry Upside,Q. What is the expected growth rate of the Mobile Business Process Management Bpm Market?  The Mobile Business Process Management Bpm Market is expected to grow at a CAGR of 6.17% during the forecast period from 2026 to 2033.  Q. What are the key factors driving market growth?  Key drivers include t,Business Process Management BPM trends 2025 2026,2026-04-16
https://www.linkedin.com/pulse/future-agile-2025-2026-reshaping-enterprises-delivering-cfzoc,The future of Agile in 2025 and 2026: reshaping Enterprises and delivering value,"### 1. Widespread adoption across non-tech industries  Historically, Agile was synonymous with the tech industry—specifically in software development. However, by 2026, we’re seeing a significant trend toward Agile adoption in non-tech sectors like healthcare, finance, manufacturing, and even educat",Business Process Management BPM trends 2025 2026,2026-04-16
https://www.carlyle.com/our-business/portfolio-of-investments/gbtec,GBTEC - Carlyle,"GBTEC is a leading provider of SaaS software in the areas of Business Process Management (BPM) and Governance, Risk and Compliance (GRC).",GBTEC,2026-04-16
https://publicsectornetwork.com/marketplace/vendors/gbtec-software-ag,GBTEC Software AG - Solution Provider | Public Sector Network,"GBTEC is one of the global leaders in cloud-native Process Management and Process Automation Software, recognised by the leading analysts Gartner,",GBTEC,2026-04-16
https://www.youtube.com/@GbtecGroup,GBTEC Group - YouTube,We are one of the leading specialists for the digital transformation of organizations and offer our customers smart software solutions and excellent advice.,GBTEC,2026-04-16
https://www.gbtec.com/,"GBTEC – Leading, AI-Powered Software for BPM, EAM & GRC","Supercharge your business and IT operations with our AI-powered, all-in-one platform for process improvement, IT management, and GRC.",GBTEC,2026-04-16
https://www.upguard.com/security-report/gbtec,"GBTEC Security Rating, Vendor Risk Report, and Data Breaches","GBTEC develops software platforms for business process management, enterprise architecture management, and governance, risk and compliance.",GBTEC,2026-04-16
https://www.linkedin.com/posts/gbtec-group_processexcellence-customersuccess-bpminnovation-activity-7285608459608150016-LG5y,#processexcellence #customersuccess #bpminnovation | GBTEC Group,"🎉 A huge shoutout to our valued customer, ElringKlinger!   By replacing their outdated BPM system with the BIC Platform, ElringKlinger has made a huge leap towards: ✅ Process excellence ✅ Greater transparency ✅ Enhanced customer satisfaction across all business units.   Together, they’ve built a hol",tavily,"GBTEC ""BIC Platform"" OR ""BIC Process Design"" OR ""BIC EAM""",2026-04-16
https://www.linkedin.com/posts/gbtec-group_customer-reviews-prove-bic-is-the-better-activity-7352979231817007106-UZkn,Replace ARIS with a modern BPM platform | GBTEC Group,"## Join now to view more content  Create your free account or sign in to continue your search  or  Already on LinkedIn? Sign in  By clicking Continue to join or sign in, you agree to LinkedIn’s User Agreement, Privacy Policy, and Cookie Policy. [...] Agree & Join LinkedIn  By clicking Continue to jo",tavily,"GBTEC ""BIC Platform"" OR ""BIC Process Design"" OR ""BIC EAM""",2026-04-16
https://www.linkedin.com/posts/eike-andre-eul-347b39b2_apromore-joins-salesforce-marking-a-major-activity-7382320377588387840-sCrg,"🚀 Apromore joins Salesforce– marking a major milestone in the process mining space! After several years of close collaboration, I am proud to have supported Apromore on its journey from a promising… |","🚀 Apromore joins Salesforce– marking a major milestone in the process mining space! After several years of close collaboration, I am proud to have supported Apromore on its journey from a promising academic spin-off to a global leader in value-driven process mining. This successful acquisition by Sa",tavily,"GBTEC ""Process Mining"" OR ""BIC GRC"" OR ""Apromore""",2026-04-16
https://www.linkedin.com/posts/marlondumas_processmining-bpm-apromore-activity-6685953898856898560-rTHQ,#processmining #bpm #apromore | Marlon Dumas | 17 comments,"View organization page for Apromore  8,863 followers  We're proud, grateful and excited to announce our 4M euros Series A funding round, led by GBTEC Software AG with participation from Leonardo and University of Melbourne. This Series A will enable us to further our mission of transferring process ",tavily,"GBTEC ""Process Mining"" OR ""BIC GRC"" OR ""Apromore""",2026-04-16
https://sy.linkedin.com/company/gbtec-group/?trk=products_details_guest_organization_page,"GBTEC Group - The leading AI-powered platform to design, run, and continuously improve the enterprise","### Investors N/A  ### Specialties Business Process Management, Process Modeling, Process Publishing, Process Consulting, Process Monitoring, Process Automation, Document Management, Process Execution, Governance, Risk, Compliance (GRC), BPMN, Workflow Software, business transformation, business pro",tavily,"GBTEC ""Process Mining"" OR ""BIC GRC"" OR ""Apromore""",2026-04-16
https://www.linkedin.com/pulse/bpm-digital-transformation-6-pitfalls-how-escape-them-gbtec-group,With BPM into the digital transformation: 6 pitfalls and how to escape them,"Agree & Join LinkedIn  By clicking Continue to join or sign in, you agree to LinkedIn’s User Agreement, Privacy Policy, and Cookie Policy.  ## Sign in to view more content  Create your free account or sign in to continue your search  or  New to LinkedIn? Join now  By clicking Continue to join or sig",tavily,GBTEC site:linkedin.com/pulse,2026-04-16
https://www.gbtec.com/blog/grc-trends-2026/,GRC Trends and Insights for 2026 and Beyond | GBTEC,"At the center of this transformation are five key forces: the revitalized role of internal controls in risk management, the rise of niche segments such as ESG and supply chain resilience, the growing weight of cybersecurity and vendor risk management, the shift toward fully integrated and automated ",tavily,GBTEC news 2025 2026,2026-04-16
https://www.gbtec.com/blog/bpm-trends-2026/,Top 5 BPM Trends for 2026 and Beyond | GBTEC,"DEACERO drives process-driven digital transformation excellence. Our latest report *Beyond Operational Chaos: Achieving Process Excellence for AI-Ready Business*, shares valuable insights on how top organizations build the foundation for successful AI and automation in Transformation. Be it SOPs, po",tavily,GBTEC news 2025 2026,2026-04-16
https://www.gbtec.com/company/about-gbtec/news/,News & Press Releases from GBTEC,"Three regions, one mission: GBTEC's Process Days 2025 brought together business and technology leaders from across the globe in a virtual event series dedicated",tavily,GBTEC news 2025 2026,2026-04-16
https://www.businesswire.com/news/home/20250829302137/en/GBTEC-Global-Research-Finds-Only-1-in-5-Organizations-Ready-for-Automation-and-AI-Highlighting-Process-Excellence-as-the-Missing-Link,GBTEC Global Research Finds Only 1 in 5 Organizations Ready for ...,GBTEC's new global research reveals a readiness gap: while 78% of organizations plan major AI and automation initiatives over the next two,tavily,GBTEC news 2025 2026,2026-04-16
https://www.linkedin.com/posts/harishgupta_unveiling-the-powerhouses-celonis-vs-sap-activity-7076921549865324544--CVL,"Unveiling the Powerhouses: Celonis vs. SAP Signavio In the ever-evolving business process management (BPM) software landscape, two major players stand out: Celonis and SAP Signavio. Both platforms… | ","and supports organizations in their journey toward digital transformation. SAP Signavio: SAP Signavio stands out with its intuitive process modeling interface, which allows users to design, document, and simulate processes with ease. Its emphasis on collaboration fosters alignment and engagement acr",tavily,"""SAP Signavio"" OR ""Celonis"" OR ""LeanIX"" alternative comparison",2026-04-16
https://www.linkedin.com/posts/aubrey-vaughan-411651_dod-ai-sdfm-activity-7307763525379125250-eeXb,How DOGE and Celonis can modernize SAP systems | Aubrey Vaughan posted on the topic | LinkedIn,"Unlocking Real Business Transformation through AI: Key Insights from LEAP 2025 Business Transformation Management (BTM) is evolving rapidly, and mastering AI-driven initiatives is now a strategic imperative for forward-looking organizations. In the latest LEAP 2025 session, Westernacher Consulting’s",tavily,"""SAP Signavio"" OR ""Celonis"" OR ""LeanIX"" alternative comparison",2026-04-16
https://www.linkedin.com/posts/fernandolino_bpm-processmanagement-signavio-activity-7326799211574738944-4NmX,Signavio Process Manager: A Comprehensive BPM Tool | Fernando Lino posted on the topic | LinkedIn,"🚀 From Continuous Improvement to Digital Transformation While exploring SAP Signavio during my SAP Business Process Management journey, I realized something powerful — the core ideas of Lean Six Sigma are deeply embedded in SAP BPMN process mapping. 🧩Concepts like SIPOC, Swimlanes, and Value Stream ",tavily,"""SAP Signavio"" OR ""Celonis"" OR ""LeanIX"" alternative comparison",2026-04-16
https://www.linkedin.com/posts/predashni-moodley-5600b118a_sapibp-ai-predictiveplanning-activity-7366696079955755010-4r_0,How AI Enhances SAP Planning: Real Benefits and Steps | Predashni Moodley posted on the topic | LinkedIn,overheads. - Why the best process can not be followed everywhere? - Where are the delays? - Which delays can be avoided? - Where are the dependencies? - Can the dependencies be removed / reduced? Common tools used for process mining: - Signavio - Celonis - Process simplification -Fit-to-standard -Mo,tavily,"""SAP Signavio"" OR ""Celonis"" OR ""LeanIX"" alternative comparison",2026-04-16
https://www.linkedin.com/posts/rakeshsangani_celonis-sues-sap-over-data-access-the-61-activity-7310256577280700416-o-j-,Celonis sues SAP over data access | Rakesh Sangani posted on the topic | LinkedIn,"If SAP win - Celonis would have sent a message about SAP practices, and likely pass on the costs to customers. As businesses increasingly embrace AI (which is dependent on good data), there will be further questions asked to ERP providers and data accessibility. Customers who have committed to the S",tavily,"""SAP Signavio"" OR ""Celonis"" OR ""LeanIX"" alternative comparison",2026-04-16
https://www.linkedin.com/pulse/top-business-process-management-bpm-tools-companies-4w0yf/,Top Business Process Management Bpm Tools Companies & How to Compare Them (2026) | Evaluation Criteria for BPM Tools | Notable Companies in the BPM Sp,Appian: Known for low-code automation and rapid deployment capabilities.  Pegasystems: Offers comprehensive case management and AI-driven automation.  IBM Business Automation Workflow: Combines BPM with AI and analytics for enterprise-grade solutions.  Bizagi: Focuses on process modeling and automat,tavily,"""BPM software"" OR ""process management tool"" evaluation 2025 2026",2026-04-16
https://www.linkedin.com/pulse/united-states-enterprise-business-process-management-bwkpf,"United States Enterprise Business Process Management Software Market Evaluation: Leading Players, Organization Size, Growth Factor, and Market Share a","The global Enterprise Business Process Management (BPM) Software market is highly competitive, with major players like Oracle, IBM, and Microsoft leading in revenue and market share. Oracle and IBM focus on integrating BPM with cloud services, leveraging strong R&D investments to enhance AI-driven a",tavily,"""BPM software"" OR ""process management tool"" evaluation 2025 2026",2026-04-16
https://www.linkedin.com/pulse/top-bpm-services-companies-how-compare-ue3ce/,Top BPM Services Companies & How to Compare Them (2026) | Evaluation Criteria for BPM Service Providers | Notable Companies in the BPM Space | Fit-by-,"Choosing the right BPM provider depends on your organization’s specific needs:   Large enterprises with complex processes: IBM Business Automation Workflow or Pega offer robust, scalable solutions.  Rapid deployment and low-code development: Appian and Nintex excel in quick implementation for non-te",tavily,"""BPM software"" OR ""process management tool"" evaluation 2025 2026",2026-04-16
https://www.linkedin.com/posts/vijay-sachan_s4hana-transformation-and-mdm-a-practical-activity-7385785533274386434-FJI-,"S4/HANA Transformation and MDM: A Practical Guide for Leaders | Vijay Sachan, PRINCE2®,TOGAF®,ITIL® posted on the topic | LinkedIn","for SAP S/4HANA migrations. Our process includes: • Profiling and analyzing current data • Identifying and correcting issues with automated scripts • Standardizing formats and values across sources • Validating records with business rules • Delivering a clean, migration-ready dataset with full audit",tavily,"""SAP S/4HANA"" transformation ""process documentation"" OR ""process management""",2026-04-16
https://www.linkedin.com/posts/erpcorp_activate-discover-prepare-activity-7372710895795240960-Zkpo,SAP Activate Phases for S/4HANA Transformation Explained | John Jordan posted on the topic | LinkedIn,"EA defines integration architecture and without this, integration becomes a patchwork that breaks with each upgrade. -> Risk & Change Management-EA provides impact analysis for each change: which apps, processes, and data objects are touched to avoid uncontrolled scope creep. EA supports governance ",tavily,"""SAP S/4HANA"" transformation ""process documentation"" OR ""process management""",2026-04-16
https://www.linkedin.com/pulse/why-companies-rapidly-moving-sap-s4hana-2026-springpeople-training-pa8jc,Why Companies Are Rapidly Moving to SAP S/4HANA in 2026,### What This Means for Professionals  The large migration wave is creating a strong demand for SAP S/4HANA talent worldwide. Organizations are actively seeking professionals who understand:   SAP S/4HANA fundamentals  Migration approaches  SAP Fiori basics  Cloud integration concepts  Functional mo,tavily,"""S/4HANA"" migration ""business process"" 2025 2026",2026-04-16
https://www.linkedin.com/pulse/planning-sap-2026-practical-ai-playbook-s4hana-ecc-h7blc,Planning for SAP in 2026: A Practical AI Playbook for S/4HANA and ECC Customers,For ECC Customers Planning Migration:  Aggressively Review Customizations: Critically evaluate whether each customization is essential in the future state. Reduce Process Variants: Harmonize and simplify processes across regions and legal entities. Align Transformation: Ensure business processes gui,tavily,"""S/4HANA"" migration ""business process"" 2025 2026",2026-04-16
https://www.linkedin.com/pulse/how-stay-ahead-while-everyone-else-catches-up-s4hana-conexusdx-zcm1e,How to Stay Ahead While Everyone Else Catches Up on S/4HANA,"### Inside Transformation  Only a small minority of organisations that have started their S/4HANA journey have crossed the finish line. Industry data shows that as of November 2025, roughly a third of businesses have completed their migration, about half are somewhere mid-transformation and as much ",tavily,"""S/4HANA"" migration ""business process"" 2025 2026",2026-04-16
https://www.linkedin.com/pulse/why-half-2026-sap-migrations-miss-deadline-paul-fraser-vdm4e,Why Half of 2026 SAP Migrations Will Miss Their Deadline,"So why are projects failing?  Over 60% of migration projects exceed budget or schedule, and 65% report severe quality deficiencies after go-live SAP. On average, implementations take 30% longer than planned, with 55% spending more than budgeted Procurement Magazine.  I've spent three months talking ",tavily,"""S/4HANA"" migration ""business process"" 2025 2026",2026-04-16
https://www.linkedin.com/pulse/nis2-dora-cra-implications-identity-access-management-krishna-padilha-ffegf,"NIS2, DORA, and CRA: Implications for Identity and Access Management in the EU","NIS2 Requirements: NIS2 mandates that organizations implement a broad cybersecurity risk management framework covering governance, technical measures, and incident response NIS2 Directive – Definition, requirements, and investigation. At a high level, organizations must:  DORA Requirements: DORA is ",tavily,"DORA NIS2 ""compliance management"" OR ""risk management"" software",2026-04-16
https://www.linkedin.com/posts/edouard-chon_nis2-dora-ai-activity-7404520545268027393-kEwK,#nis2 #dora #ai #airegulation #nis2 #dora #aiact #compliance #cybergovernance #headmindpartners | Edouard C.,"If you sit back at the end of 2025 and feel exhausted, overloaded, and still chasing compliance… this is for you. Finance, compliance, risk, and cyber teams are doing more than ever: • More regulation • More documentation • More controls • More audits • Same (or fewer) people DORA. NIS2. ISO 27001. ",tavily,"DORA NIS2 ""compliance management"" OR ""risk management"" software",2026-04-16
https://www.linkedin.com/pulse/dora-nis2-gdpr-new-compliance-power-triangle-reshaping-narendra-sahoo-0yucc,DORA NIS2 and GDPR The New Compliance Power Triangle ...,"Three major regulations now define how organizations must operate: DORA, NIS2, and GDPR. Together, they form a unified compliance ecosystem that",tavily,"DORA NIS2 ""compliance management"" OR ""risk management"" software",2026-04-16
https://www.linkedin.com/pulse/practical-guide-full-compliance-nis-2-dora-using-gdpr-papakostas-kfqhe,A Practical Guide to Full Compliance with NIS 2 & DORA Using ISO ...,This article provides a practical guideline to help organizations move beyond abstract principles and into operational readiness.,tavily,"DORA NIS2 ""compliance management"" OR ""risk management"" software",2026-04-16
https://www.linkedin.com/pulse/10-reasons-why-process-mining-outshines-mapping-perceptif-ai-udwjc,10 Reasons Why Process Mining Outshines Process Mapping,"In today's fast-evolving business landscape, the efficiency and optimization of business processes can be the linchpin of success. While traditional business process mapping has long been a staple of business process management (BPM), the emergence of process mining offers a compelling, data-driven ",tavily,"""Process Mining"" enterprise ""inefficiency"" OR ""bottleneck"" OR ""optimization""",2026-04-16
https://www.linkedin.com/posts/%F0%9F%8E%AFmohamed-alfaki-a48733153_businessanalysis-processimprovement-lean-activity-7365624574933188608-HX4N,#businessanalysis #processimprovement #lean #agile #businessagility #hr #businessvalue #valuestream | 🎯MOHAMED ALFAKI,"💡 #TechTermWednesday — Process Mining Ever wondered why business processes on paper rarely match what happens in reality? That’s where Process Mining comes in. It combines data analytics and automation to discover, visualize, and improve how processes actually run — based on real event logs from sys",tavily,"""Process Mining"" enterprise ""inefficiency"" OR ""bottleneck"" OR ""optimization""",2026-04-16
https://www.linkedin.com/pulse/process-mining-key-operational-excellence-ezofis-yf6kc,Process Mining: The Key to Operational Excellence,"### 2. Data-Driven Decision Making  Unlike traditional business process improvement techniques, process mining is purely data-driven. It uses hard evidence from actual system logs to map processes, identify issues, and validate improvements. This evidence-based approach ensures that decisions are ba",tavily,"""Process Mining"" enterprise ""inefficiency"" OR ""bottleneck"" OR ""optimization""",2026-04-16
https://www.linkedin.com/pulse/process-mining-illuminating-dark-processes-sanjay-k-mohindroo--uyjac,Process Mining: Illuminating Dark Processes for Optimization,"Process mining changes that. It gives leaders a clear, data-driven view of how work actuallyflows. Not how we believe it flows. Not how a slide deck shows it. How it moves across real systems in real-time.  As someone who has led tech modernization and large-scale transformation programs, I’ve seen ",tavily,"""Process Mining"" enterprise ""inefficiency"" OR ""bottleneck"" OR ""optimization""",2026-04-16
https://www.linkedin.com/pulse/why-process-mining-belongs-yesterdays-enterprise-raphael-clairin-wi6ke,Why Process Mining Belongs to Yesterday's Enterprise? - LinkedIn,"Traditional process mining is starting to feel like Excel in a world of autonomous copilots: still useful, but no longer where competitive",tavily,"""Process Mining"" enterprise ""inefficiency"" OR ""bottleneck"" OR ""optimization""",2026-04-16
https://www.linkedin.com/pulse/workflow-automation-software-2025-how-businesses-eliminate-brown-vtmjf,Workflow Automation Software in 2025: Eliminating Bottleneck,Low-code and no-code interfaces make setup easier; AI assists ... Enterprise Workflow Automation: Scaling Without Chaos. As companies,tavily,"""workflow automation"" ""no code"" OR ""low code"" enterprise 2025",2026-04-16
https://www.linkedin.com/pulse/rise-no-code-low-code-development-2025-logixbuilt-solutions-dvqxf,The Rise of No-Code and Low-Code Development in 2025 - LinkedIn,"This article explores how No-Code and Low-Code development are shaping the industry, their benefits, use cases, and future trends.",tavily,"""workflow automation"" ""no code"" OR ""low code"" enterprise 2025",2026-04-16
https://www.linkedin.com/pulse/enterprise-workflow-automation-software-market-report-2026-0sm9f,The Enterprise Workflow Automation Software Market Report (2026 to 2033) Highlights Growth Insights and Business Trends with a CAGR of 6.6%.,"Market trends indicate a growing emphasis on low-code and no-code platforms, making automation more accessible to users without technical backgrounds. Furthermore, industries like finance, healthcare, and manufacturing are increasingly prioritizing workflow automation as a means to stay competitive.",tavily,"""workflow automation"" ""no code"" OR ""low code"" enterprise 2025",2026-04-16
https://www.linkedin.com/pulse/low-codeno-code-2025-from-hype-real-enterprise-impact-girish-kumar-yzxuc,🚀 Low-Code/No-Code in 2025: From Hype to Real Enterprise Impact,"Throughout my career, I’ve…•512 followers  Over the past few years, Low-Code/No-Code (LCNC) platforms have evolved from experimental tools for business users into strategic enablers for enterprise innovation. In 2025, LCNC is no longer just about building simple apps—it’s reshaping how organizations",tavily,"""workflow automation"" ""no code"" OR ""low code"" enterprise 2025",2026-04-16
https://www.linkedin.com/posts/vladimir-lukic-_im-excited-to-be-speaking-at-the-next-generation-activity-7431699393621164032-Sfmb,Enterprise Architecture Must Evolve to Strategy Table | Vladimir Lukic posted on the topic | LinkedIn,"To view or add a comment, sign in      ? ➡️ Which candidates should be eliminated, migrated, or invested in? This self-paced learning journey combines structured guidance with hands-on exercises directly in a SAP LeanIX workspace - so you don’t just understand rationalization… you execute it. You wi",tavily,"""enterprise architecture"" ""IT rationalization"" OR ""application portfolio"" 2025 2026",2026-04-16
https://www.linkedin.com/pulse/application-rationalization-first-step-towards-efficient-tewari-lttkf,Application Rationalization: The First Step Towards an Efficient IT Ecosystem (Part 1),"### Application Development & Maintenance: Driving Innovation, Security, and Scalability  ### Top Legacy Modernization Software Tools CIOs Should Watch in 2026  ### Why Integration Should Be on Every Company’s Roadmap in 2026  ### Creating enterprise agility and insights through business architectur",tavily,"""enterprise architecture"" ""IT rationalization"" OR ""application portfolio"" 2025 2026",2026-04-16
https://www.linkedin.com/posts/rene-de-daniel-b108a413_2026-perspective-on-enterprise-architecture-activity-7412441700880519168-0qgo,"2026 Enterprise Architecture Focus: TCO, Integrated Toolchain & Governance | Rene de Daniel posted on the topic | LinkedIn","The Enterprise Architecture Management Suite Market Is Evolving Fast And AI Is Rewriting The Playbook Enterprise architecture leaders face rising complexity: expanding tech portfolios, shifting operating models, and growing pressure for strategic alignment. In our Enterprise Architecture Management ",tavily,"""enterprise architecture"" ""IT rationalization"" OR ""application portfolio"" 2025 2026",2026-04-16
https://www.linkedin.com/posts/kgrantharris_enterprisearchitecture-digitaltransformation-activity-7425089759686844416-lrTw,"Enterprise Architecture in 2026: Agile Transformation Blueprint | K Grant Harris, MACS CP, MAISA posted on the topic | LinkedIn",emerging regulations. The focus in 2026 on enterprise-wide collaboration and continuous architecture updates marks a significant paradigm shift. Key highlights for 2026 include: - Adoption of AI-powered EA platforms enhancing decision-making and predictive modeling. - Expansion of enterprise busines,tavily,"""enterprise architecture"" ""IT rationalization"" OR ""application portfolio"" 2025 2026",2026-04-16
https://www.linkedin.com/posts/ganesh-gade-b7986a17a_bfsi-in-the-bpm-industry-a-quick-insight-activity-7362516295138848768-vaS8,How BPM supports BFSI in the digital era | Ganesh Gade posted on the topic | LinkedIn,"👋 Welcome to the official One Finance One Anatomy™ page by ICMG, part of the Global Enterprise Anatomy Atlas (V1 – Sept 2025). Here, we explore how Enterprise Anatomy Models transform the way banks and insurers design, operate, and adapt: → Reveal the real anatomy of financial enterprises across ret",tavily,"""business process management"" finance insurance banking 2025",2026-04-16
https://www.linkedin.com/posts/mathiasvarga_insuranceassetmanagement-processoptimization-activity-7376488099633184769-94H4,"GBTEC Group: Insights on BPM, GRC, and AI in Insurance | Mathias Varga posted on the topic | LinkedIn","Honored to present my paper “Smarter Business Processes with Data-Driven Automation” at I3M 2025 / MAS 2025 in Fez, Morocco 🌍 (I3M | MAS). Our study combined Lean principles with Robotic Process Automation (RPA) to tackle inefficiencies in a loan-processing workflow. Using AHP, WSM, and TOPSIS, we b",tavily,"""business process management"" finance insurance banking 2025",2026-04-16
